year,mean,split,lower_80,upper_80,lower_95,upper_95
2005,0.143,historical,,,,
2006,0.15,historical,,,,
2007,0.157,historical,,,,
2008,0.159,historical,,,,
2009,0.169,historical,,,,
2010,0.178,historical,,,,
2011,0.185,historical,,,,
2012,0.195,historical,,,,
2013,0.204,historical,,,,
2014,0.208,historical,,,,
2015,0.225,historical,,,,
2016,0.232,historical,,,,
2017,0.238,historical,,,,
2018,0.247,historical,,,,
2019,0.256,historical,,,,
2020,0.227,historical,,,,
2021,0.259,historical,,,,
2022,0.265,historical,,,,
2023,0.28,historical,,,,
2024,0.288,historical,,,,
2025,0.307,forecast,0.163,0.485,0.119,0.58
2026,0.32,forecast,0.17,0.498,0.123,0.595
2027,0.333,forecast,0.18,0.513,0.128,0.611
2028,0.347,forecast,0.192,0.527,0.135,0.626
2029,0.361,forecast,0.202,0.543,0.14,0.637
2030,0.376,forecast,0.213,0.56,0.149,0.655
2031,0.392,forecast,0.226,0.573,0.161,0.67
2032,0.408,forecast,0.239,0.591,0.169,0.688
2033,0.425,forecast,0.252,0.608,0.179,0.706
2034,0.442,forecast,0.269,0.625,0.193,0.722
2035,0.46,forecast,0.284,0.644,0.206,0.74
2036,0.479,forecast,0.303,0.664,0.22,0.759
2037,0.499,forecast,0.319,0.683,0.234,0.778
2038,0.519,forecast,0.338,0.704,0.249,0.8
2039,0.54,forecast,0.359,0.724,0.269,0.819
