building_id,year,region,building_type,climate_zone,tenure,surface_m2,build_year,building_age,occupancy_rate,headcount,energy_cost_kmad,regulatory_status,urban_factor,cost_per_m2,sqm_per_person,is_underutilised,is_aging,risk_score
MEF-0001,2024,Rabat-Salé-Kénitra,ministry_hq,coastal,owned,3011,2019,19,0.7049,154,3.72,compliant,1.1,1.24,19.6,False,False,0.186
MEF-0002,2024,Rabat-Salé-Kénitra,annex,coastal,owned,802,1996,28,0.477,55,0.76,compliant,1.1,0.95,14.6,True,False,0.306
MEF-0003,2024,Rabat-Salé-Kénitra,annex,coastal,leased,655,2014,19,0.3373,46,0.5,compliant,1.1,0.76,14.2,True,False,0.315
MEF-0004,2024,Rabat-Salé-Kénitra,ministry_hq,coastal,leased,11527,2005,19,0.7648,809,14.99,partial,1.1,1.3,14.2,False,False,0.315
MEF-0005,2024,Rabat-Salé-Kénitra,regional_office,coastal,owned,2337,2019,19,0.6042,119,2.51,compliant,1.1,1.07,19.6,False,False,0.222
MEF-0006,2024,Rabat-Salé-Kénitra,regional_office,coastal,owned,2604,2014,19,0.5914,147,2.88,partial,1.1,1.11,17.7,False,False,0.376
MEF-0007,2024,Rabat-Salé-Kénitra,regional_office,coastal,leased,1258,1981,43,0.6461,66,1.73,compliant,1.1,1.38,19.1,False,True,0.312
MEF-0008,2024,Rabat-Salé-Kénitra,ministry_hq,coastal,owned,11541,2016,19,0.8173,575,15.43,partial,1.1,1.34,20.1,False,False,0.297
MEF-0009,2024,Rabat-Salé-Kénitra,annex,coastal,leased,951,2007,19,0.4822,43,0.74,partial,1.1,0.78,22.1,True,False,0.414
MEF-0010,2024,Rabat-Salé-Kénitra,annex,coastal,owned,764,2016,19,0.4457,40,0.57,partial,1.1,0.75,19.1,True,False,0.427
MEF-0011,2024,Rabat-Salé-Kénitra,regional_office,coastal,leased,3848,2016,19,0.6082,208,4.38,compliant,1.1,1.14,18.5,False,False,0.22
MEF-0012,2024,Rabat-Salé-Kénitra,ministry_hq,coastal,owned,17228,1986,38,0.7719,1025,28.72,partial,1.1,1.67,16.8,False,False,0.396
MEF-0013,2024,Rabat-Salé-Kénitra,regional_office,coastal,owned,2016,1980,44,0.7325,145,3.5,partial,1.1,1.74,13.9,False,True,0.436
MEF-0014,2024,Rabat-Salé-Kénitra,annex,coastal,leased,383,1986,38,0.2948,17,0.5,compliant,1.1,1.31,22.5,True,False,0.413
MEF-0015,2024,Rabat-Salé-Kénitra,regional_office,coastal,owned,1651,1975,49,0.6521,72,2.53,non_compliant,1.1,1.53,22.9,False,True,0.636
MEF-0016,2024,Rabat-Salé-Kénitra,regional_office,coastal,owned,3620,1989,35,0.8061,157,6.06,compliant,1.1,1.67,23.1,False,False,0.221
MEF-0017,2024,Rabat-Salé-Kénitra,regional_office,coastal,owned,3269,1969,55,0.6482,153,5.27,compliant,1.1,1.61,21.4,False,True,0.364
MEF-0018,2024,Rabat-Salé-Kénitra,regional_office,coastal,owned,2012,2019,19,0.6598,132,2.47,partial,1.1,1.23,15.2,False,False,0.352
MEF-0019,2024,Rabat-Salé-Kénitra,annex,coastal,owned,700,2012,19,0.3841,37,0.5,compliant,1.1,0.71,18.9,True,False,0.299
MEF-0020,2024,Rabat-Salé-Kénitra,regional_office,coastal,owned,2437,1977,47,0.5633,194,3.36,compliant,1.1,1.38,12.6,False,True,0.358
MEF-0021,2024,Casablanca-Settat,regional_office,coastal,leased,3993,2008,19,0.5958,258,4.23,compliant,1.05,1.06,15.5,False,False,0.225
MEF-0022,2024,Casablanca-Settat,annex,coastal,owned,689,1999,25,0.5575,38,0.71,compliant,1.05,1.03,18.1,False,False,0.264
MEF-0023,2024,Casablanca-Settat,regional_office,coastal,owned,2974,1968,56,0.5238,133,4.11,non_compliant,1.05,1.38,22.4,False,True,0.712
MEF-0024,2024,Casablanca-Settat,regional_office,coastal,leased,1517,2008,19,0.6143,74,1.7,compliant,1.05,1.12,20.5,False,False,0.218
MEF-0025,2024,Casablanca-Settat,regional_office,coastal,owned,3906,1971,53,0.4332,179,4.28,compliant,1.05,1.1,21.8,True,True,0.43
MEF-0026,2024,Casablanca-Settat,annex,coastal,owned,987,1996,28,0.3523,66,0.7,partial,1.05,0.71,15.0,True,False,0.499
MEF-0027,2024,Casablanca-Settat,annex,coastal,leased,483,1967,57,0.3801,29,0.5,compliant,1.05,1.04,16.7,True,True,0.466
MEF-0028,2024,Casablanca-Settat,ministry_hq,coastal,owned,14756,2004,20,0.9089,819,23.22,compliant,1.05,1.57,18.0,False,False,0.119
MEF-0029,2024,Casablanca-Settat,ministry_hq,coastal,owned,15135,1975,49,0.6809,700,22.7,compliant,1.05,1.5,21.6,False,True,0.326
MEF-0030,2024,Casablanca-Settat,regional_office,coastal,owned,897,1981,43,0.5426,50,1.08,non_compliant,1.05,1.2,17.9,False,True,0.648
MEF-0031,2024,Casablanca-Settat,annex,coastal,leased,809,2007,19,0.439,47,0.67,compliant,1.05,0.83,17.2,True,False,0.279
MEF-0032,2024,Casablanca-Settat,regional_office,coastal,leased,3728,1986,38,0.5417,204,4.12,compliant,1.05,1.11,18.3,False,False,0.327
MEF-0033,2024,Casablanca-Settat,regional_office,coastal,owned,1300,2010,19,0.6026,68,1.39,compliant,1.05,1.07,19.1,False,False,0.222
MEF-0034,2024,Casablanca-Settat,ministry_hq,coastal,owned,6604,1969,55,0.8053,532,13.8,partial,1.05,2.09,12.4,False,True,0.459
MEF-0035,2024,Fès-Meknès,annex,mountain,owned,634,2006,19,0.3896,37,0.58,compliant,0.95,0.91,17.1,True,False,0.297
MEF-0036,2024,Fès-Meknès,ministry_hq,mountain,leased,4685,1992,32,0.8457,244,9.4,partial,0.95,2.01,19.2,False,False,0.344
MEF-0037,2024,Fès-Meknès,regional_office,mountain,leased,2920,2013,19,0.5516,135,3.36,compliant,0.95,1.15,21.6,False,False,0.24
MEF-0038,2024,Fès-Meknès,regional_office,mountain,owned,2814,2015,19,0.4244,125,2.86,compliant,0.95,1.02,22.5,True,False,0.285
MEF-0039,2024,Fès-Meknès,regional_office,mountain,owned,2208,2000,24,0.6443,186,3.24,compliant,0.95,1.47,11.9,False,False,0.229
MEF-0040,2024,Fès-Meknès,regional_office,mountain,owned,2359,2009,19,0.5881,113,3.24,partial,0.95,1.37,20.9,False,False,0.377
MEF-0041,2024,Fès-Meknès,annex,mountain,owned,974,2013,19,0.3522,71,0.83,compliant,0.95,0.85,13.7,True,False,0.31
MEF-0042,2024,Fès-Meknès,regional_office,mountain,owned,828,1995,29,0.424,65,0.9,non_compliant,0.95,1.09,12.7,True,False,0.628
MEF-0043,2024,Fès-Meknès,ministry_hq,mountain,owned,3858,2017,19,0.6975,207,6.32,compliant,0.95,1.64,18.6,False,False,0.189
MEF-0044,2024,Fès-Meknès,annex,mountain,owned,528,2015,19,0.4174,24,0.51,compliant,0.95,0.97,22.0,True,False,0.287
MEF-0045,2024,Marrakech-Safi,regional_office,arid,owned,2868,2007,19,0.5154,139,3.44,compliant,0.9,1.2,20.6,False,False,0.253
MEF-0046,2024,Marrakech-Safi,ministry_hq,arid,owned,17761,1990,34,0.7232,1104,38.59,compliant,0.9,2.17,16.1,False,False,0.246
MEF-0047,2024,Marrakech-Safi,regional_office,arid,owned,1955,2007,19,0.6535,116,3.21,compliant,0.9,1.64,16.9,False,False,0.204
MEF-0048,2024,Marrakech-Safi,regional_office,arid,owned,2976,2013,19,0.6841,198,5.12,partial,0.9,1.72,15.0,False,False,0.344
MEF-0049,2024,Marrakech-Safi,regional_office,arid,owned,1776,1977,47,0.4703,116,2.66,compliant,0.9,1.5,15.3,True,True,0.391
MEF-0050,2024,Marrakech-Safi,annex,arid,leased,932,1996,28,0.2579,49,0.64,compliant,0.9,0.69,19.0,True,False,0.382
MEF-0051,2024,Marrakech-Safi,annex,arid,leased,542,1989,35,0.4648,27,0.72,compliant,0.9,1.33,20.1,True,False,0.34
MEF-0052,2024,Souss-Massa,regional_office,arid,owned,2494,1988,36,0.5647,122,4.61,compliant,0.88,1.85,20.4,False,False,0.31
MEF-0053,2024,Souss-Massa,annex,arid,owned,647,1997,27,0.369,58,0.62,compliant,0.88,0.96,11.2,True,False,0.339
MEF-0054,2024,Souss-Massa,regional_office,arid,owned,1032,2012,19,0.6893,49,1.67,partial,0.88,1.62,21.1,False,False,0.342
MEF-0055,2024,Souss-Massa,regional_office,arid,owned,2326,1973,51,0.5549,92,4.62,non_compliant,0.88,1.99,25.3,False,True,0.679
MEF-0056,2024,Souss-Massa,ministry_hq,arid,owned,3301,2011,19,0.7803,197,6.45,compliant,0.88,1.95,16.8,False,False,0.16
MEF-0057,2024,Souss-Massa,annex,arid,owned,330,2001,23,0.5506,22,0.5,compliant,0.88,1.52,15.0,False,False,0.258
