year,mean,lower_80,upper_80,lower_95,upper_95,building_type,split
2005,0.7976,,,,,ministry_hq,historical
2006,0.7987,,,,,ministry_hq,historical
2007,0.7999,,,,,ministry_hq,historical
2008,0.8019,,,,,ministry_hq,historical
2009,0.8051,,,,,ministry_hq,historical
2010,0.8148,,,,,ministry_hq,historical
2011,0.818,,,,,ministry_hq,historical
2012,0.824,,,,,ministry_hq,historical
2013,0.8315,,,,,ministry_hq,historical
2014,0.8291,,,,,ministry_hq,historical
2015,0.8374,,,,,ministry_hq,historical
2016,0.832,,,,,ministry_hq,historical
2017,0.8296,,,,,ministry_hq,historical
2018,0.8276,,,,,ministry_hq,historical
2019,0.8281,,,,,ministry_hq,historical
2020,0.7108,,,,,ministry_hq,historical
2021,0.775,,,,,ministry_hq,historical
2022,0.772,,,,,ministry_hq,historical
2023,0.7724,,,,,ministry_hq,historical
2024,0.7728,,,,,ministry_hq,historical
2005,0.6523,,,,,regional_office,historical
2006,0.6579,,,,,regional_office,historical
2007,0.6526,,,,,regional_office,historical
2008,0.6491,,,,,regional_office,historical
2009,0.656,,,,,regional_office,historical
2010,0.6623,,,,,regional_office,historical
2011,0.6584,,,,,regional_office,historical
2012,0.6631,,,,,regional_office,historical
2013,0.6688,,,,,regional_office,historical
2014,0.6647,,,,,regional_office,historical
2015,0.6642,,,,,regional_office,historical
2016,0.6625,,,,,regional_office,historical
2017,0.6624,,,,,regional_office,historical
2018,0.662,,,,,regional_office,historical
2019,0.6645,,,,,regional_office,historical
2020,0.5416,,,,,regional_office,historical
2021,0.5906,,,,,regional_office,historical
2022,0.5837,,,,,regional_office,historical
2023,0.5903,,,,,regional_office,historical
2024,0.5907,,,,,regional_office,historical
2005,0.5093,,,,,annex,historical
2006,0.5108,,,,,annex,historical
2007,0.5102,,,,,annex,historical
2008,0.5092,,,,,annex,historical
2009,0.5063,,,,,annex,historical
2010,0.5082,,,,,annex,historical
2011,0.5077,,,,,annex,historical
2012,0.5042,,,,,annex,historical
2013,0.493,,,,,annex,historical
2014,0.4934,,,,,annex,historical
2015,0.4901,,,,,annex,historical
2016,0.4832,,,,,annex,historical
2017,0.4817,,,,,annex,historical
2018,0.4877,,,,,annex,historical
2019,0.483,,,,,annex,historical
2020,0.3534,,,,,annex,historical
2021,0.4007,,,,,annex,historical
2022,0.4111,,,,,annex,historical
2023,0.409,,,,,annex,historical
2024,0.4089,,,,,annex,historical
2025,0.7877059613251611,0.7530028322540576,0.8224090903962646,0.7346321054157396,0.8407798172345826,ministry_hq,forecast
2026,0.7952360358957391,0.7563609753173409,0.8341110964741373,0.7357817613437087,0.8546903104477696,ministry_hq,forecast
2027,0.799037700291406,0.7591690222083723,0.8389063783744396,0.7380638189004056,0.8600115816824063,ministry_hq,forecast
2028,0.8009570242027189,0.7608390206867536,0.8410750277186841,0.7396018324672001,0.8623122159382376,ministry_hq,forecast
2029,0.8019260219608421,0.7617447158596146,0.8421073280620696,0.7404740172756318,0.8633780266460523,ministry_hq,forecast
2030,0.8024152341515063,0.7622178089384608,0.8426126593645518,0.7409385774121177,0.8638918908908949,ministry_hq,forecast
2031,0.8026622198287054,0.7624606870848287,0.8428637525725822,0.7411792811630089,0.864145158494402,ministry_hq,forecast
2032,0.8027869140327863,0.762584334396655,0.8429894936689177,0.7413023742835516,0.8642714537820211,ministry_hq,forecast
2033,0.8028498676611411,0.7626470211893378,0.8430527141329444,0.7413649198219623,0.8643348155003199,ministry_hq,forecast
2034,0.8028816506886864,0.7626787362040172,0.8430845651733557,0.7413965988328053,0.8643667025445676,ministry_hq,forecast
2035,0.8028976967985985,0.7626947649782999,0.843100628618897,0.7414126184301602,0.8643827751670368,ministry_hq,forecast
2036,0.8029057979035967,0.7627028616646594,0.8431087341425341,0.7414207127774337,0.8643908830297597,ministry_hq,forecast
2037,0.802909887860761,0.7627069504955668,0.8431128252259552,0.7414248010121367,0.8643949747093853,ministry_hq,forecast
2038,0.8029119527333444,0.7627090150810811,0.8431148903856076,0.7414268654456858,0.8643970400210029,ministry_hq,forecast
2039,0.8029129952134033,0.7627100574879697,0.8431159329388369,0.7414279078138403,0.8643980826129664,ministry_hq,forecast
2025,0.5869662646344983,0.5469446167218751,0.6269879125471215,0.5257584360775956,0.648174093191401,regional_office,forecast
2026,0.5832256327172725,0.5266264754507198,0.6398247899838251,0.4966646914486935,0.6697865739858514,regional_office,forecast
2027,0.5794850008000466,0.5101654732127504,0.6488045283873428,0.47346993191852604,0.6855000696815672,regional_office,forecast
2028,0.5757443688828208,0.4957010730575744,0.6557876647080672,0.4533287117690155,0.6981600259966261,regional_office,forecast
2029,0.5720037369655949,0.4825126116614069,0.6614948622697829,0.43513887155720776,0.7088686023739821,regional_office,forecast
2030,0.5682631050483691,0.47023048899711883,0.6662957210996193,0.4183351568202048,0.7181910532765334,regional_office,forecast
2031,0.5645224731311432,0.458635145695355,0.6704098005669314,0.4025817804793014,0.7264631657829851,regional_office,forecast
2032,0.5607818412139174,0.44758352668081225,0.6739801557470225,0.3876599586767595,0.7339037237510753,regional_office,forecast
2033,0.5570412092966915,0.436976265558822,0.6771061530345611,0.37341772362598363,0.7406646949673994,regional_office,forecast
2034,0.5533005773794657,0.42674101426225297,0.6798601404966784,0.3597444285065563,0.7468567262523751,regional_office,forecast
2035,0.5495599454622399,0.41682315584435836,0.6822967350801213,0.3465565439065934,0.7525633470178863,regional_office,forecast
2036,0.545819313545014,0.4071802583704215,0.6844583687196065,0.33378917578197287,0.7578494513080551,regional_office,forecast
2037,0.5420786816277882,0.39777857795025895,0.6863787853053174,0.3213907173060667,0.7627666459495096,regional_office,forecast
2038,0.5383380497105623,0.3885907551674299,0.6880853442536947,0.3093193258622346,0.76735677355889,regional_office,forecast
2039,0.5345974177933365,0.37959424193997005,0.6896005936467029,0.29754051713493385,0.771654318451739,regional_office,forecast
2025,0.4032485947857077,0.36179174160544286,0.4447054479659725,0.33984580918561774,0.4666513803857976,annex,forecast
2026,0.397585424865533,0.33895658084469227,0.45621426888637373,0.30792034557765224,0.48725050415341375,annex,forecast
2027,0.3919222549453583,0.32011687891521623,0.4637276309755004,0.2821054089446062,0.5017391009461105,annex,forecast
2028,0.38625908502518363,0.30334537866465394,0.46917279138571333,0.2594535138250038,0.5130646562253635,annex,forecast
2029,0.38059591510500895,0.2878955732607084,0.4732962569493095,0.23882297654036308,0.5223688536696548,annex,forecast
2030,0.37493274518483427,0.2733846085517074,0.47648088181796117,0.219628272193533,0.5302372181761356,annex,forecast
2031,0.3692695752646596,0.25958505161036166,0.4789540989189575,0.20152157213807453,0.5370175783912446,annex,forecast
2032,0.3636064053444849,0.24634871730280347,0.4808640933861663,0.18427624676872342,0.5429365639202464,annex,forecast
2033,0.3579432354243102,0.2335726758835157,0.48231379496510474,0.16773487862404043,0.54815159222458,annex,forecast
2034,0.35228006550413554,0.2211819848313036,0.4833781461769675,0.15178285300852573,0.5527772779997453,annex,forecast
2035,0.34661689558396086,0.20912006859617038,0.48411372257175134,0.13633364508511422,0.5569001460828075,annex,forecast
2036,0.3409537256637862,0.19734297360350198,0.4845644777240704,0.12132003366228189,0.5605874176652905,annex,forecast
2037,0.3352905557436115,0.18581574588278424,0.4847653656044387,0.1066885612552374,0.5638925502319856,annex,forecast
2038,0.3296273858234368,0.1745100448890961,0.4847447267577775,0.09239588474081584,0.5668588869060578,annex,forecast
2039,0.32396421590326213,0.1634025139499304,0.4845259178565938,0.07840628317095441,0.5695221486355698,annex,forecast
