scenario,variable,year,mean,p10,p25,p75,p90
optimistic,occupancy,2025,0.5569,0.5529,0.5548,0.5589,0.561
optimistic,occupancy,2026,0.5401,0.5324,0.5361,0.5439,0.5478
optimistic,occupancy,2027,0.531,0.5198,0.5252,0.5366,0.5423
optimistic,occupancy,2028,0.5364,0.5216,0.5287,0.5438,0.5514
optimistic,occupancy,2029,0.5279,0.5099,0.5186,0.5368,0.546
optimistic,occupancy,2030,0.5054,0.4882,0.4965,0.514,0.5228
optimistic,occupancy,2031,0.475,0.4589,0.4666,0.4831,0.4913
optimistic,occupancy,2032,0.4432,0.4282,0.4354,0.4507,0.4584
optimistic,occupancy,2033,0.4272,0.4127,0.4196,0.4344,0.4418
optimistic,occupancy,2034,0.4067,0.3928,0.3995,0.4136,0.4206
optimistic,occupancy,2035,0.3824,0.3694,0.3756,0.3889,0.3955
optimistic,occupancy,2036,0.3542,0.3421,0.3479,0.3602,0.3663
optimistic,occupancy,2037,0.3214,0.3105,0.3157,0.3269,0.3324
optimistic,occupancy,2038,0.2928,0.2828,0.2876,0.2977,0.3028
optimistic,occupancy,2039,0.2672,0.2581,0.2625,0.2717,0.2763
optimistic,workforce,2025,11292.1358,11152.048,11218.0186,11365.5951,11430.4011
optimistic,workforce,2026,11703.0856,11423.4535,11555.1388,11849.7195,11979.0801
optimistic,workforce,2027,12117.8992,11699.0744,11896.3087,12337.5231,12531.2757
optimistic,workforce,2028,12541.7692,11983.707,12246.5115,12834.4066,13092.5718
optimistic,workforce,2029,12941.8969,12246.0285,12573.7291,13306.7972,13628.713
optimistic,workforce,2030,12907.2232,12213.2192,12540.0418,13271.1459,13592.1993
optimistic,workforce,2031,12879.2418,12186.7423,12512.8564,13242.3756,13562.7329
optimistic,workforce,2032,12857.5087,12166.1778,12491.7415,13220.0297,13539.8464
optimistic,workforce,2033,12839.9986,12149.6092,12474.7296,13202.0259,13521.4071
optimistic,workforce,2034,12819.997,12130.683,12455.2969,13181.4603,13500.344
optimistic,workforce,2035,12793.502,12105.6126,12429.5557,13154.2183,13472.4429
optimistic,workforce,2036,12765.4017,12079.0232,12402.2548,13125.3257,13442.8514
optimistic,workforce,2037,12742.9568,12057.7852,12380.4484,13102.248,13419.2154
optimistic,workforce,2038,12722.7653,12038.6793,12360.8313,13081.4871,13397.9523
optimistic,workforce,2039,12703.4769,12020.428,12342.0916,13061.6549,13377.6402
optimistic,energy_cost,2025,0.2846,0.2819,0.2831,0.286,0.2875
optimistic,energy_cost,2026,0.2952,0.2897,0.2922,0.2981,0.3012
optimistic,energy_cost,2027,0.3042,0.2957,0.2996,0.3087,0.3134
optimistic,energy_cost,2028,0.3179,0.3061,0.3115,0.324,0.3305
optimistic,energy_cost,2029,0.3283,0.3133,0.3202,0.3362,0.3445
optimistic,energy_cost,2030,0.3317,0.3166,0.3235,0.3397,0.3481
optimistic,energy_cost,2031,0.3344,0.3192,0.3261,0.3425,0.3509
optimistic,energy_cost,2032,0.3388,0.3233,0.3304,0.3469,0.3555
optimistic,energy_cost,2033,0.3466,0.3308,0.338,0.3549,0.3636
optimistic,energy_cost,2034,0.3526,0.3365,0.3439,0.3611,0.37
optimistic,energy_cost,2035,0.3581,0.3418,0.3492,0.3667,0.3757
optimistic,energy_cost,2036,0.3616,0.3451,0.3527,0.3703,0.3794
optimistic,energy_cost,2037,0.3649,0.3482,0.3558,0.3736,0.3828
optimistic,energy_cost,2038,0.3701,0.3532,0.3609,0.379,0.3883
optimistic,energy_cost,2039,0.3754,0.3583,0.3661,0.3845,0.3939
austerity,occupancy,2025,0.5401,0.5358,0.5378,0.5424,0.5442
austerity,occupancy,2026,0.5079,0.4996,0.5036,0.5123,0.5158
austerity,occupancy,2027,0.4843,0.4723,0.4781,0.4906,0.4958
austerity,occupancy,2028,0.4744,0.4585,0.4662,0.4829,0.4897
austerity,occupancy,2029,0.4528,0.4335,0.4429,0.463,0.4713
austerity,occupancy,2030,0.4335,0.4151,0.424,0.4433,0.4513
austerity,occupancy,2031,0.4075,0.3901,0.3985,0.4167,0.4241
austerity,occupancy,2032,0.3802,0.364,0.3718,0.3888,0.3957
austerity,occupancy,2033,0.3664,0.3508,0.3584,0.3747,0.3814
austerity,occupancy,2034,0.3488,0.334,0.3412,0.3567,0.3631
austerity,occupancy,2035,0.328,0.314,0.3208,0.3354,0.3414
austerity,occupancy,2036,0.3038,0.2909,0.2971,0.3107,0.3162
austerity,occupancy,2037,0.2757,0.264,0.2696,0.2819,0.287
austerity,occupancy,2038,0.2511,0.2404,0.2456,0.2568,0.2614
austerity,occupancy,2039,0.2292,0.2194,0.2241,0.2344,0.2386
austerity,workforce,2025,10811.4791,10727.6537,10767.5743,10856.3436,10892.9101
austerity,workforce,2026,10743.6365,10576.3109,10655.9974,10833.1916,10906.1828
austerity,workforce,2027,10680.8642,10430.2488,10549.6009,10814.9972,10924.3213
austerity,workforce,2028,10626.9952,10293.0632,10452.0936,10805.7204,10951.389
austerity,workforce,2029,10554.2943,10137.9021,10336.203,10777.1533,10958.793
austerity,workforce,2030,10526.0174,10110.7408,10308.5105,10748.2794,10929.4324
austerity,workforce,2031,10503.1982,10088.8219,10286.1628,10724.9784,10905.7386
austerity,workforce,2032,10485.4745,10071.7975,10268.8054,10706.8805,10887.3357
austerity,workforce,2033,10471.1948,10058.0811,10254.8208,10692.2992,10872.5087
austerity,workforce,2034,10454.8832,10042.413,10238.8462,10675.6432,10855.5719
austerity,workforce,2035,10433.2762,10021.6585,10217.6857,10653.5799,10833.1368
austerity,workforce,2036,10410.36,9999.6464,10195.243,10630.1799,10809.3424
austerity,workforce,2037,10392.0559,9982.0644,10177.3171,10611.4892,10790.3367
austerity,workforce,2038,10375.5894,9966.2476,10161.1909,10594.6751,10773.2392
austerity,workforce,2039,10359.8595,9951.1382,10145.786,10578.613,10756.9064
austerity,energy_cost,2025,0.2761,0.2731,0.2746,0.2775,0.2789
austerity,energy_cost,2026,0.2777,0.2717,0.2747,0.2807,0.2836
austerity,energy_cost,2027,0.2774,0.2683,0.2728,0.282,0.2865
austerity,energy_cost,2028,0.2809,0.2683,0.2745,0.2872,0.2934
austerity,energy_cost,2029,0.2811,0.265,0.2729,0.2892,0.297
austerity,energy_cost,2030,0.284,0.2677,0.2757,0.2922,0.3001
austerity,energy_cost,2031,0.2863,0.2699,0.278,0.2945,0.3026
austerity,energy_cost,2032,0.2901,0.2734,0.2816,0.2984,0.3065
austerity,energy_cost,2033,0.2967,0.2797,0.2881,0.3052,0.3135
austerity,energy_cost,2034,0.3019,0.2846,0.2931,0.3105,0.319
austerity,energy_cost,2035,0.3066,0.289,0.2976,0.3154,0.324
austerity,energy_cost,2036,0.3096,0.2918,0.3006,0.3185,0.3272
austerity,energy_cost,2037,0.3124,0.2945,0.3033,0.3213,0.3301
austerity,energy_cost,2038,0.3169,0.2987,0.3076,0.3259,0.3348
austerity,energy_cost,2039,0.3214,0.303,0.312,0.3307,0.3397
climate_shock,occupancy,2025,0.5479,0.5438,0.5456,0.5503,0.5523
climate_shock,occupancy,2026,0.5229,0.5149,0.5184,0.5274,0.5312
climate_shock,occupancy,2027,0.5061,0.4945,0.4995,0.5126,0.5182
climate_shock,occupancy,2028,0.5033,0.488,0.4946,0.512,0.5194
climate_shock,occupancy,2029,0.4878,0.4692,0.4773,0.4983,0.5072
climate_shock,occupancy,2030,0.467,0.4492,0.457,0.4771,0.4856
climate_shock,occupancy,2031,0.439,0.4222,0.4295,0.4484,0.4564
climate_shock,occupancy,2032,0.4096,0.3939,0.4007,0.4184,0.4259
climate_shock,occupancy,2033,0.3947,0.3797,0.3862,0.4032,0.4105
climate_shock,occupancy,2034,0.3758,0.3614,0.3677,0.3838,0.3907
climate_shock,occupancy,2035,0.3534,0.3399,0.3457,0.3609,0.3674
climate_shock,occupancy,2036,0.3273,0.3148,0.3202,0.3343,0.3403
climate_shock,occupancy,2037,0.297,0.2857,0.2906,0.3034,0.3088
climate_shock,occupancy,2038,0.2705,0.2602,0.2647,0.2763,0.2813
climate_shock,occupancy,2039,0.2469,0.2375,0.2416,0.2522,0.2567
climate_shock,workforce,2025,10879.4449,10821.6074,10849.8311,10909.6488,10938.2453
climate_shock,workforce,2026,10879.3045,10763.8538,10820.1919,10939.5952,10996.6774
climate_shock,workforce,2027,10884.0638,10711.1452,10795.5266,10974.3654,11059.8615
climate_shock,workforce,2028,10897.748,10667.3429,10779.7768,11018.0702,11131.9892
climate_shock,workforce,2029,10891.906,10604.6054,10744.8034,11041.9402,11183.9901
climate_shock,workforce,2030,10862.7246,10576.1937,10716.0161,11012.3569,11154.0261
climate_shock,workforce,2031,10839.1754,10553.2658,10692.785,10988.4833,11129.8455
climate_shock,workforce,2032,10820.8848,10535.4576,10674.7415,10969.9408,11111.0644
climate_shock,workforce,2033,10806.1483,10521.1098,10660.204,10955.0013,11095.9327
climate_shock,workforce,2034,10789.3149,10504.7205,10643.5979,10937.936,11078.6479
climate_shock,workforce,2035,10767.0167,10483.0104,10621.6009,10915.3307,11055.7517
climate_shock,workforce,2036,10743.3676,10459.985,10598.2711,10891.3557,11031.4684
climate_shock,workforce,2037,10724.4779,10441.5937,10579.6366,10872.2059,11012.0722
climate_shock,workforce,2038,10707.4847,10425.0487,10562.8729,10854.9786,10994.6232
climate_shock,workforce,2039,10691.2516,10409.2437,10546.859,10838.5218,10977.9548
climate_shock,energy_cost,2025,0.3044,0.2985,0.3013,0.3075,0.3103
climate_shock,energy_cost,2026,0.3359,0.3237,0.3296,0.3423,0.348
climate_shock,energy_cost,2027,0.3665,0.3479,0.3568,0.3763,0.385
climate_shock,energy_cost,2028,0.4037,0.3781,0.3903,0.4172,0.4292
climate_shock,energy_cost,2029,0.4381,0.4053,0.421,0.4554,0.4707
climate_shock,energy_cost,2030,0.4426,0.4095,0.4254,0.4601,0.4756
climate_shock,energy_cost,2031,0.4462,0.4128,0.4288,0.4638,0.4794
climate_shock,energy_cost,2032,0.452,0.4182,0.4344,0.4699,0.4857
climate_shock,energy_cost,2033,0.4624,0.4278,0.4444,0.4807,0.4968
climate_shock,energy_cost,2034,0.4705,0.4353,0.4521,0.489,0.5055
climate_shock,energy_cost,2035,0.4778,0.442,0.4592,0.4966,0.5134
climate_shock,energy_cost,2036,0.4825,0.4464,0.4637,0.5015,0.5184
climate_shock,energy_cost,2037,0.4868,0.4504,0.4678,0.506,0.5231
climate_shock,energy_cost,2038,0.4938,0.4568,0.4746,0.5133,0.5306
climate_shock,energy_cost,2039,0.5009,0.4634,0.4814,0.5207,0.5382
digitization,occupancy,2025,0.5149,0.5068,0.5106,0.5191,0.5236
digitization,occupancy,2026,0.4599,0.4443,0.4516,0.4679,0.4764
digitization,occupancy,2027,0.4146,0.3919,0.4025,0.4262,0.4386
digitization,occupancy,2028,0.382,0.352,0.366,0.3974,0.4139
digitization,occupancy,2029,0.3408,0.3044,0.3214,0.3595,0.3794
digitization,occupancy,2030,0.3263,0.2915,0.3077,0.3442,0.3633
digitization,occupancy,2031,0.3067,0.2739,0.2892,0.3235,0.3414
digitization,occupancy,2032,0.2862,0.2556,0.2698,0.3019,0.3186
digitization,occupancy,2033,0.2758,0.2464,0.2601,0.2909,0.307
digitization,occupancy,2034,0.2626,0.2345,0.2476,0.2769,0.2923
digitization,occupancy,2035,0.2469,0.2205,0.2328,0.2604,0.2748
digitization,occupancy,2036,0.2287,0.2042,0.2156,0.2412,0.2546
digitization,occupancy,2037,0.2075,0.1854,0.1957,0.2189,0.231
digitization,occupancy,2038,0.1891,0.1688,0.1782,0.1994,0.2104
digitization,occupancy,2039,0.1729,0.1541,0.1627,0.182,0.192
digitization,workforce,2025,10751.3089,10635.8415,10691.3064,10810.2575,10862.4854
digitization,workforce,2026,10623.5296,10393.0426,10503.7572,10741.1981,10845.4513
digitization,workforce,2027,10500.9716,10155.7549,10321.58,10677.2121,10833.3595
digitization,workforce,2028,10387.2977,9927.3145,10148.2677,10622.1289,10830.1872
digitization,workforce,2029,10255.4066,9681.8365,9957.3513,10548.2264,10807.6619
digitization,workforce,2030,10227.9306,9655.8971,9930.6738,10519.9658,10778.7063
digitization,workforce,2031,10205.7576,9634.9643,9909.1452,10497.1597,10755.3393
digitization,workforce,2032,10188.5358,9618.7057,9892.424,10479.4462,10737.1901
digitization,workforce,2033,10174.6605,9605.6064,9878.952,10465.1747,10722.5676
digitization,workforce,2034,10158.8108,9590.6432,9863.5629,10448.8725,10705.8644
digitization,workforce,2035,10137.8157,9570.8222,9843.1779,10427.2779,10683.7387
digitization,workforce,2036,10115.5485,9549.8004,9821.5579,10404.3749,10660.2724
digitization,workforce,2037,10097.7627,9533.0094,9804.2891,10386.0813,10641.5289
digitization,workforce,2038,10081.7626,9517.9041,9788.7539,10369.6243,10624.6671
digitization,workforce,2039,10066.4781,9503.4744,9773.9136,10353.9033,10608.5595
digitization,energy_cost,2025,0.2731,0.2699,0.2714,0.2749,0.2765
digitization,energy_cost,2026,0.2716,0.265,0.2681,0.2753,0.2787
digitization,energy_cost,2027,0.268,0.2579,0.2627,0.2737,0.2789
digitization,energy_cost,2028,0.2679,0.254,0.2606,0.2757,0.283
digitization,energy_cost,2029,0.2645,0.2467,0.2551,0.2745,0.2837
digitization,energy_cost,2030,0.2672,0.2493,0.2577,0.2773,0.2867
digitization,energy_cost,2031,0.2694,0.2513,0.2598,0.2796,0.289
digitization,energy_cost,2032,0.2729,0.2546,0.2632,0.2832,0.2928
digitization,energy_cost,2033,0.2792,0.2604,0.2692,0.2897,0.2995
digitization,energy_cost,2034,0.2841,0.265,0.2739,0.2948,0.3047
digitization,energy_cost,2035,0.2885,0.2691,0.2782,0.2994,0.3094
digitization,energy_cost,2036,0.2913,0.2717,0.2809,0.3023,0.3125
digitization,energy_cost,2037,0.2939,0.2742,0.2835,0.305,0.3153
digitization,energy_cost,2038,0.2982,0.2781,0.2875,0.3094,0.3198
digitization,energy_cost,2039,0.3025,0.2821,0.2917,0.3139,0.3244
historical,occupancy,2005,0.6530666666666667,,,,
historical,occupancy,2006,0.6558,,,,
historical,occupancy,2007,0.6542333333333333,,,,
historical,occupancy,2008,0.6534,,,,
historical,occupancy,2009,0.6558,,,,
historical,occupancy,2010,0.6617666666666667,,,,
historical,occupancy,2011,0.6613666666666667,,,,
historical,occupancy,2012,0.6637666666666666,,,,
historical,occupancy,2013,0.6644333333333333,,,,
historical,occupancy,2014,0.6624,,,,
historical,occupancy,2015,0.6639,,,,
historical,occupancy,2016,0.6592333333333333,,,,
historical,occupancy,2017,0.6579,,,,
historical,occupancy,2018,0.6591,,,,
historical,occupancy,2019,0.6585333333333333,,,,
historical,occupancy,2020,0.5352666666666667,,,,
historical,occupancy,2021,0.5887666666666667,,,,
historical,occupancy,2022,0.5889333333333333,,,,
historical,occupancy,2023,0.5905666666666667,,,,
historical,occupancy,2024,0.5908,,,,
historical,workforce,2005,11353.0,,,,
historical,workforce,2006,11341.0,,,,
historical,workforce,2007,11340.0,,,,
historical,workforce,2008,11311.0,,,,
historical,workforce,2009,11283.0,,,,
historical,workforce,2010,11239.0,,,,
historical,workforce,2011,11231.0,,,,
historical,workforce,2012,11212.0,,,,
historical,workforce,2013,11148.0,,,,
historical,workforce,2014,11123.0,,,,
historical,workforce,2015,11101.0,,,,
historical,workforce,2016,11085.0,,,,
historical,workforce,2017,11056.0,,,,
historical,workforce,2018,11019.0,,,,
historical,workforce,2019,10985.0,,,,
historical,workforce,2020,10962.0,,,,
historical,workforce,2021,10957.0,,,,
historical,workforce,2022,10944.0,,,,
historical,workforce,2023,10935.0,,,,
historical,workforce,2024,10887.0,,,,
historical,energy_cost,2005,0.143,,,,
historical,energy_cost,2006,0.15,,,,
historical,energy_cost,2007,0.157,,,,
historical,energy_cost,2008,0.159,,,,
historical,energy_cost,2009,0.169,,,,
historical,energy_cost,2010,0.178,,,,
historical,energy_cost,2011,0.185,,,,
historical,energy_cost,2012,0.195,,,,
historical,energy_cost,2013,0.204,,,,
historical,energy_cost,2014,0.208,,,,
historical,energy_cost,2015,0.225,,,,
historical,energy_cost,2016,0.232,,,,
historical,energy_cost,2017,0.238,,,,
historical,energy_cost,2018,0.247,,,,
historical,energy_cost,2019,0.256,,,,
historical,energy_cost,2020,0.227,,,,
historical,energy_cost,2021,0.259,,,,
historical,energy_cost,2022,0.265,,,,
historical,energy_cost,2023,0.28,,,,
historical,energy_cost,2024,0.288,,,,
