scenario,strategy,rank,composite,cost_efficiency,sustainability,space_flexibility
optimistic,Pool,1,0.752,0.82,0.571,0.843
optimistic,Dispose,2,0.713,0.92,0.151,1.0
optimistic,Rent,3,0.677,0.65,0.391,1.0
optimistic,Rehabilitate,4,0.608,0.55,0.791,0.503
optimistic,Build,5,0.479,0.28,0.621,0.603
austerity,Pool,1,0.762,0.825,0.583,0.857
austerity,Dispose,2,0.719,0.925,0.163,1.0
austerity,Rent,3,0.683,0.655,0.403,1.0
austerity,Rehabilitate,4,0.618,0.555,0.803,0.517
austerity,Build,5,0.489,0.285,0.633,0.617
climate_shock,Pool,1,0.746,0.822,0.541,0.851
climate_shock,Dispose,2,0.705,0.922,0.121,1.0
climate_shock,Rent,3,0.669,0.652,0.361,1.0
climate_shock,Rehabilitate,4,0.602,0.552,0.761,0.511
climate_shock,Build,5,0.473,0.282,0.591,0.611
digitization,Pool,1,0.769,0.827,0.588,0.872
digitization,Dispose,2,0.721,0.927,0.168,1.0
digitization,Rent,3,0.685,0.657,0.408,1.0
digitization,Rehabilitate,4,0.625,0.557,0.808,0.532
digitization,Build,5,0.496,0.287,0.638,0.632
