region,year,headcount,cohort_hc,lower_80,upper_80,lower_95,upper_95,split
Rabat-Salé-Kénitra,2005,4406,4407,,,,,historical
Rabat-Salé-Kénitra,2006,4402,4312,,,,,historical
Rabat-Salé-Kénitra,2007,4393,4249,,,,,historical
Rabat-Salé-Kénitra,2008,4371,4195,,,,,historical
Rabat-Salé-Kénitra,2009,4356,4174,,,,,historical
Rabat-Salé-Kénitra,2010,4347,4169,,,,,historical
Rabat-Salé-Kénitra,2011,4319,4136,,,,,historical
Rabat-Salé-Kénitra,2012,4312,4136,,,,,historical
Rabat-Salé-Kénitra,2013,4291,4125,,,,,historical
Rabat-Salé-Kénitra,2014,4274,4096,,,,,historical
Rabat-Salé-Kénitra,2015,4266,4080,,,,,historical
Rabat-Salé-Kénitra,2016,4267,4068,,,,,historical
Rabat-Salé-Kénitra,2017,4265,4047,,,,,historical
Rabat-Salé-Kénitra,2018,4240,4021,,,,,historical
Rabat-Salé-Kénitra,2019,4221,3978,,,,,historical
Rabat-Salé-Kénitra,2020,4175,3982,,,,,historical
Rabat-Salé-Kénitra,2021,4190,3968,,,,,historical
Rabat-Salé-Kénitra,2022,4192,3959,,,,,historical
Rabat-Salé-Kénitra,2023,4196,3945,,,,,historical
Rabat-Salé-Kénitra,2024,4194,3931,,,,,historical
Rabat-Salé-Kénitra,2025,4191,4193,4193.0,4193.0,4193.0,4193.0,forecast
Rabat-Salé-Kénitra,2026,4172,4137,4127.0,4135.0,4124.0,4136.0,forecast
Rabat-Salé-Kénitra,2027,4162,4084,4062.0,4078.0,4058.0,4082.0,forecast
Rabat-Salé-Kénitra,2028,4145,4045,4011.0,4033.0,4003.0,4040.0,forecast
Rabat-Salé-Kénitra,2029,4140,4018,3971.0,3999.0,3958.0,4010.0,forecast
Rabat-Salé-Kénitra,2030,4134,4004,3945.0,3980.0,3927.0,3995.0,forecast
Rabat-Salé-Kénitra,2031,4121,3989,3917.0,3960.0,3896.0,3979.0,forecast
Rabat-Salé-Kénitra,2032,4120,3972,3888.0,3940.0,3864.0,3962.0,forecast
Rabat-Salé-Kénitra,2033,4109,3955,3858.0,3919.0,3831.0,3943.0,forecast
Rabat-Salé-Kénitra,2034,4103,3938,3829.0,3897.0,3799.0,3924.0,forecast
Rabat-Salé-Kénitra,2035,4095,3921,3800.0,3875.0,3767.0,3906.0,forecast
Rabat-Salé-Kénitra,2036,4099,3904,3770.0,3854.0,3735.0,3888.0,forecast
Rabat-Salé-Kénitra,2037,4085,3888,3742.0,3834.0,3703.0,3870.0,forecast
Rabat-Salé-Kénitra,2038,4075,3871,3712.0,3815.0,3672.0,3851.0,forecast
Rabat-Salé-Kénitra,2039,4078,3854,3684.0,3795.0,3640.0,3834.0,forecast
Casablanca-Settat,2005,3259,3260,,,,,historical
Casablanca-Settat,2006,3273,3242,,,,,historical
Casablanca-Settat,2007,3271,3222,,,,,historical
Casablanca-Settat,2008,3257,3191,,,,,historical
Casablanca-Settat,2009,3256,3169,,,,,historical
Casablanca-Settat,2010,3235,3168,,,,,historical
Casablanca-Settat,2011,3243,3159,,,,,historical
Casablanca-Settat,2012,3219,3143,,,,,historical
Casablanca-Settat,2013,3198,3142,,,,,historical
Casablanca-Settat,2014,3189,3120,,,,,historical
Casablanca-Settat,2015,3196,3108,,,,,historical
Casablanca-Settat,2016,3195,3101,,,,,historical
Casablanca-Settat,2017,3193,3100,,,,,historical
Casablanca-Settat,2018,3218,3116,,,,,historical
Casablanca-Settat,2019,3218,3100,,,,,historical
Casablanca-Settat,2020,3249,3075,,,,,historical
Casablanca-Settat,2021,3234,3073,,,,,historical
Casablanca-Settat,2022,3225,3068,,,,,historical
Casablanca-Settat,2023,3208,3064,,,,,historical
Casablanca-Settat,2024,3197,3060,,,,,historical
Casablanca-Settat,2025,3314,3197,3197.0,3197.0,3197.0,3197.0,forecast
Casablanca-Settat,2026,3286,3152,3148.0,3154.0,3146.0,3155.0,forecast
Casablanca-Settat,2027,3273,3111,3104.0,3115.0,3100.0,3119.0,forecast
Casablanca-Settat,2028,3256,3082,3074.0,3089.0,3066.0,3095.0,forecast
Casablanca-Settat,2029,3259,3065,3055.0,3075.0,3044.0,3084.0,forecast
Casablanca-Settat,2030,3268,3059,3048.0,3074.0,3033.0,3085.0,forecast
Casablanca-Settat,2031,3265,3052,3038.0,3072.0,3021.0,3085.0,forecast
Casablanca-Settat,2032,3279,3044,3027.0,3069.0,3008.0,3084.0,forecast
Casablanca-Settat,2033,3278,3035,3014.0,3065.0,2994.0,3082.0,forecast
Casablanca-Settat,2034,3284,3025,3002.0,3060.0,2979.0,3079.0,forecast
Casablanca-Settat,2035,3287,3016,2990.0,3056.0,2965.0,3077.0,forecast
Casablanca-Settat,2036,3307,3007,2979.0,3051.0,2951.0,3075.0,forecast
Casablanca-Settat,2037,3303,2998,2966.0,3047.0,2937.0,3073.0,forecast
Casablanca-Settat,2038,3304,2989,2954.0,3043.0,2924.0,3071.0,forecast
Casablanca-Settat,2039,3322,2980,2942.0,3039.0,2910.0,3069.0,forecast
Fès-Meknès,2005,1285,1285,,,,,historical
Fès-Meknès,2006,1292,1268,,,,,historical
Fès-Meknès,2007,1290,1242,,,,,historical
Fès-Meknès,2008,1290,1245,,,,,historical
Fès-Meknès,2009,1285,1254,,,,,historical
Fès-Meknès,2010,1278,1249,,,,,historical
Fès-Meknès,2011,1279,1253,,,,,historical
Fès-Meknès,2012,1274,1243,,,,,historical
Fès-Meknès,2013,1265,1252,,,,,historical
Fès-Meknès,2014,1264,1250,,,,,historical
Fès-Meknès,2015,1257,1253,,,,,historical
Fès-Meknès,2016,1249,1242,,,,,historical
Fès-Meknès,2017,1249,1229,,,,,historical
Fès-Meknès,2018,1243,1234,,,,,historical
Fès-Meknès,2019,1233,1237,,,,,historical
Fès-Meknès,2020,1231,1232,,,,,historical
Fès-Meknès,2021,1232,1235,,,,,historical
Fès-Meknès,2022,1224,1231,,,,,historical
Fès-Meknès,2023,1218,1229,,,,,historical
Fès-Meknès,2024,1207,1224,,,,,historical
Fès-Meknès,2025,1210,1207,1207.0,1207.0,1207.0,1207.0,forecast
Fès-Meknès,2026,1212,1189,1187.0,1189.0,1187.0,1190.0,forecast
Fès-Meknès,2027,1210,1174,1170.0,1174.0,1168.0,1175.0,forecast
Fès-Meknès,2028,1208,1165,1158.0,1164.0,1155.0,1166.0,forecast
Fès-Meknès,2029,1202,1161,1150.0,1159.0,1147.0,1162.0,forecast
Fès-Meknès,2030,1195,1163,1148.0,1159.0,1143.0,1164.0,forecast
Fès-Meknès,2031,1190,1164,1144.0,1159.0,1139.0,1164.0,forecast
Fès-Meknès,2032,1182,1164,1140.0,1158.0,1134.0,1164.0,forecast
Fès-Meknès,2033,1177,1164,1136.0,1157.0,1129.0,1164.0,forecast
Fès-Meknès,2034,1170,1163,1131.0,1156.0,1123.0,1164.0,forecast
Fès-Meknès,2035,1164,1163,1127.0,1154.0,1118.0,1163.0,forecast
Fès-Meknès,2036,1155,1163,1123.0,1153.0,1112.0,1163.0,forecast
Fès-Meknès,2037,1150,1163,1118.0,1152.0,1107.0,1162.0,forecast
Fès-Meknès,2038,1145,1162,1114.0,1151.0,1101.0,1162.0,forecast
Fès-Meknès,2039,1136,1162,1110.0,1149.0,1096.0,1162.0,forecast
Marrakech-Safi,2005,1835,1835,,,,,historical
Marrakech-Safi,2006,1808,1809,,,,,historical
Marrakech-Safi,2007,1821,1780,,,,,historical
Marrakech-Safi,2008,1830,1765,,,,,historical
Marrakech-Safi,2009,1825,1760,,,,,historical
Marrakech-Safi,2010,1821,1762,,,,,historical
Marrakech-Safi,2011,1832,1754,,,,,historical
Marrakech-Safi,2012,1852,1744,,,,,historical
Marrakech-Safi,2013,1839,1741,,,,,historical
Marrakech-Safi,2014,1844,1736,,,,,historical
Marrakech-Safi,2015,1830,1725,,,,,historical
Marrakech-Safi,2016,1822,1713,,,,,historical
Marrakech-Safi,2017,1799,1713,,,,,historical
Marrakech-Safi,2018,1768,1720,,,,,historical
Marrakech-Safi,2019,1767,1716,,,,,historical
Marrakech-Safi,2020,1765,1717,,,,,historical
Marrakech-Safi,2021,1759,1734,,,,,historical
Marrakech-Safi,2022,1760,1741,,,,,historical
Marrakech-Safi,2023,1772,1748,,,,,historical
Marrakech-Safi,2024,1749,1742,,,,,historical
Marrakech-Safi,2025,1755,1749,1749.0,1749.0,1749.0,1749.0,forecast
Marrakech-Safi,2026,1759,1724,1721.0,1724.0,1720.0,1725.0,forecast
Marrakech-Safi,2027,1772,1702,1697.0,1703.0,1695.0,1705.0,forecast
Marrakech-Safi,2028,1771,1688,1683.0,1691.0,1679.0,1695.0,forecast
Marrakech-Safi,2029,1777,1682,1676.0,1688.0,1670.0,1693.0,forecast
Marrakech-Safi,2030,1779,1682,1677.0,1693.0,1669.0,1700.0,forecast
Marrakech-Safi,2031,1771,1682,1676.0,1697.0,1666.0,1705.0,forecast
Marrakech-Safi,2032,1779,1680,1673.0,1700.0,1663.0,1710.0,forecast
Marrakech-Safi,2033,1775,1678,1671.0,1702.0,1659.0,1714.0,forecast
Marrakech-Safi,2034,1778,1676,1668.0,1705.0,1654.0,1717.0,forecast
Marrakech-Safi,2035,1778,1674,1666.0,1707.0,1650.0,1721.0,forecast
Marrakech-Safi,2036,1792,1672,1662.0,1709.0,1646.0,1725.0,forecast
Marrakech-Safi,2037,1785,1670,1659.0,1712.0,1642.0,1729.0,forecast
Marrakech-Safi,2038,1782,1669,1657.0,1714.0,1638.0,1732.0,forecast
Marrakech-Safi,2039,1795,1667,1654.0,1716.0,1634.0,1736.0,forecast
Souss-Massa,2005,568,568,,,,,historical
Souss-Massa,2006,566,560,,,,,historical
Souss-Massa,2007,565,553,,,,,historical
Souss-Massa,2008,563,549,,,,,historical
Souss-Massa,2009,561,548,,,,,historical
Souss-Massa,2010,558,548,,,,,historical
Souss-Massa,2011,558,547,,,,,historical
Souss-Massa,2012,555,545,,,,,historical
Souss-Massa,2013,555,542,,,,,historical
Souss-Massa,2014,552,538,,,,,historical
Souss-Massa,2015,552,538,,,,,historical
Souss-Massa,2016,552,537,,,,,historical
Souss-Massa,2017,550,533,,,,,historical
Souss-Massa,2018,550,531,,,,,historical
Souss-Massa,2019,546,533,,,,,historical
Souss-Massa,2020,542,534,,,,,historical
Souss-Massa,2021,542,533,,,,,historical
Souss-Massa,2022,543,531,,,,,historical
Souss-Massa,2023,541,530,,,,,historical
Souss-Massa,2024,540,533,,,,,historical
Souss-Massa,2025,538,540,540.0,540.0,540.0,540.0,forecast
Souss-Massa,2026,537,531,531.0,532.0,530.0,532.0,forecast
Souss-Massa,2027,535,525,524.0,525.0,523.0,526.0,forecast
Souss-Massa,2028,534,521,520.0,523.0,519.0,524.0,forecast
Souss-Massa,2029,532,520,519.0,524.0,518.0,525.0,forecast
Souss-Massa,2030,531,522,521.0,528.0,520.0,530.0,forecast
Souss-Massa,2031,530,523,523.0,531.0,520.0,534.0,forecast
Souss-Massa,2032,528,524,524.0,534.0,521.0,537.0,forecast
Souss-Massa,2033,527,524,524.0,536.0,521.0,540.0,forecast
Souss-Massa,2034,526,525,525.0,538.0,521.0,543.0,forecast
Souss-Massa,2035,524,525,525.0,541.0,521.0,546.0,forecast
Souss-Massa,2036,523,526,526.0,543.0,521.0,549.0,forecast
Souss-Massa,2037,522,526,527.0,546.0,521.0,552.0,forecast
Souss-Massa,2038,521,527,527.0,549.0,521.0,555.0,forecast
Souss-Massa,2039,520,528,528.0,551.0,522.0,558.0,forecast
